name,n_qubits,model,seed,best_energy,exact_gs,relative_error,n_params,n_2q_gates,total_gates,elapsed_s
irr_pair11,4,heisenberg,42,-4.711337458192913,-6.464101615137755,0.27115355873122193,16,5,6,9.83983588218689
irr_pair11,4,heisenberg,43,-4.7112024846054945,-6.464101615137755,0.2711744392178626,16,5,6,9.605061292648315
irr_pair11,4,heisenberg,44,-4.7108014777144,-6.464101615137755,0.27123647519980876,16,5,6,10.088666439056396
irr_pair11,4,heisenberg,45,-4.71130847783291,-6.464101615137755,0.2711580420085169,16,5,6,9.623187065124512
irr_pair11,4,heisenberg,46,-4.710200667274348,-6.464101615137755,0.2713294208983486,16,5,6,9.564270257949829
irr_triangle_t,4,heisenberg,42,-6.121146457776169,-6.464101615137755,0.053055347483778256,16,4,7,9.656810760498047
irr_triangle_t,4,heisenberg,43,-6.122567178320586,-6.464101615137755,0.05283556125067056,16,4,7,9.642138481140137
irr_triangle_t,4,heisenberg,44,-6.118927615039685,-6.464101615137755,0.053398603649691255,16,4,7,9.56731104850769
irr_triangle_t,4,heisenberg,45,-6.117823293557817,-6.464101615137755,0.05356944277748008,16,4,7,9.914133548736572
irr_triangle_t,4,heisenberg,46,-6.122995237887734,-6.464101615137755,0.052769340205174375,16,4,7,9.725178956985474
irr_double_star,4,heisenberg,42,-5.010995110838891,-6.464101615137755,0.2247963585374264,16,4,6,9.730406761169434
irr_double_star,4,heisenberg,43,-5.011405574266886,-6.464101615137755,0.2247328596241306,16,4,6,9.671497344970703
irr_double_star,4,heisenberg,44,-5.007208370479227,-6.464101615137755,0.2253821693097689,16,4,6,9.511476039886475
irr_double_star,4,heisenberg,45,-5.0134092592438995,-6.464101615137755,0.22442288847944422,16,4,6,9.633941173553467
irr_double_star,4,heisenberg,46,-5.011514294055206,-6.464101615137755,0.22471604061434505,16,4,6,9.514761924743652
irr_gadget_ladder,4,heisenberg,42,-4.71290142581768,-6.464101615137755,0.2709116120976628,16,7,10,10.241234302520752
irr_gadget_ladder,4,heisenberg,43,-4.713789267548661,-6.464101615137755,0.27077426250388453,16,7,10,10.386417627334595
irr_gadget_ladder,4,heisenberg,44,-4.714136445436042,-6.464101615137755,0.2707205538977933,16,7,10,10.239213943481445
irr_gadget_ladder,4,heisenberg,45,-4.713417039093657,-6.464101615137755,0.27083184644627367,16,7,10,10.115887880325317
irr_gadget_ladder,4,heisenberg,46,-4.71567619025959,-6.464101615137755,0.27048235454462377,16,7,10,10.517001152038574
irr_iqp_dense,4,heisenberg,42,-4.641782023247676,-6.464101615137755,0.2819138219644532,16,5,9,9.901562213897705
irr_iqp_dense,4,heisenberg,43,-4.641167926895567,-6.464101615137755,0.2820088230007412,16,5,9,10.188036441802979
irr_iqp_dense,4,heisenberg,44,-4.64179896520279,-6.464101615137755,0.28191120103487577,16,5,9,9.984717607498169
irr_iqp_dense,4,heisenberg,45,-4.6417052626140265,-6.464101615137755,0.2819256968758051,16,5,9,9.905226945877075
irr_iqp_dense,4,heisenberg,46,-4.6414732943402,-6.464101615137755,0.28196158249265296,16,5,9,10.330204248428345
irr_sandwich_star,4,heisenberg,42,-5.323706142295803,-6.464101615137755,0.17641979361391108,16,5,10,10.143610954284668
irr_sandwich_star,4,heisenberg,43,-5.3277235726765095,-6.464101615137755,0.17579829497111465,16,5,10,9.963443517684937
irr_sandwich_star,4,heisenberg,44,-5.3323617213213135,-6.464101615137755,0.1750807708786805,16,5,10,10.021446943283081
irr_sandwich_star,4,heisenberg,45,-5.2870466804751794,-6.464101615137755,0.1820910320942552,16,5,10,9.855724096298218
irr_sandwich_star,4,heisenberg,46,-5.277790898712118,-6.464101615137755,0.18352290651612171,16,5,10,9.99605941772461
cx_chain,4,heisenberg,42,-4.357078398527699,-6.464101615137755,0.32595762598715794,16,5,5,9.531614780426025
cx_chain,4,heisenberg,43,-4.357122840437,-6.464101615137755,0.32595075079986247,16,5,5,9.378581285476685
cx_chain,4,heisenberg,44,-4.357186412956002,-6.464101615137755,0.32594091609694675,16,5,5,9.592767715454102
cx_chain,4,heisenberg,45,-4.357354898896075,-6.464101615137755,0.3259148512313082,16,5,5,9.395439624786377
cx_chain,4,heisenberg,46,-4.357304442680145,-6.464101615137755,0.3259226568350771,16,5,5,9.384826183319092
hea,4,heisenberg,42,-3.8284271223284096,-6.464101615137755,0.40774026303006644,16,5,5,7.398750305175781
hea,4,heisenberg,43,-3.8284271229886078,-6.464101615137755,0.4077402629279334,16,5,5,8.426980018615723
hea,4,heisenberg,44,-3.8284271197237323,-6.464101615137755,0.40774026343301145,16,5,5,7.567016363143921
hea,4,heisenberg,45,-3.8284271210662313,-6.464101615137755,0.4077402632253261,16,5,5,7.510130167007446
hea,4,heisenberg,46,-3.828427121599553,-6.464101615137755,0.4077402631428209,16,5,5,7.966785907745361
irr_pair11,4,tfim,42,-4.555141917354849,-4.7587704831436355,0.04279016323860821,16,5,6,9.470840454101562
irr_pair11,4,tfim,43,-4.555924689256148,-4.7587704831436355,0.04262567287201623,16,5,6,9.760242700576782
irr_pair11,4,tfim,44,-4.531800546246757,-4.7587704831436355,0.047695079580081526,16,5,6,9.685770511627197
irr_pair11,4,tfim,45,-4.504136995915982,-4.7587704831436355,0.05350825137072874,16,5,6,9.785602331161499
irr_pair11,4,tfim,46,-4.5166293952410985,-4.7587704831436355,0.050883119654591746,16,5,6,9.70113730430603
irr_triangle_t,4,tfim,42,-4.679667589807668,-4.7587704831436355,0.0166225485377291,16,4,7,10.0722074508667
irr_triangle_t,4,tfim,43,-4.68028639652454,-4.7587704831436355,0.016492513538339214,16,4,7,10.221365451812744
irr_triangle_t,4,tfim,44,-4.687053094932268,-4.7587704831436355,0.015070570952182411,16,4,7,9.864265203475952
irr_triangle_t,4,tfim,45,-4.665794588348352,-4.7587704831436355,0.01953779765689887,16,4,7,9.52987265586853
irr_triangle_t,4,tfim,46,-4.6869415755874995,-4.7587704831436355,0.015094005439128885,16,4,7,9.857778787612915
irr_double_star,4,tfim,42,-4.522992673678392,-4.7587704831436355,0.04954595106034394,16,4,6,9.505425930023193
irr_double_star,4,tfim,43,-4.504291957967466,-4.7587704831436355,0.05347568790669261,16,4,6,9.931053876876831
irr_double_star,4,tfim,44,-4.5237537542058925,-4.7587704831436355,0.04938601888244278,16,4,6,9.724727392196655
irr_double_star,4,tfim,45,-4.52476834249226,-4.7587704831436355,0.04917281501182924,16,4,6,9.925900220870972
irr_double_star,4,tfim,46,-4.500810805518701,-4.7587704831436355,0.05420721140863401,16,4,6,9.634666919708252
irr_gadget_ladder,4,tfim,42,-4.555856082930223,-4.7587704831436355,0.0426400896895888,16,7,10,10.218482732772827
irr_gadget_ladder,4,tfim,43,-4.541719466108805,-4.7587704831436355,0.045610734496160564,16,7,10,10.02909255027771
irr_gadget_ladder,4,tfim,44,-4.552328351141366,-4.7587704831436355,0.04338140129546535,16,7,10,10.147875547409058
irr_gadget_ladder,4,tfim,45,-4.551317945555211,-4.7587704831436355,0.0435937262205135,16,7,10,10.278096675872803
irr_gadget_ladder,4,tfim,46,-4.549893317141722,-4.7587704831436355,0.043893095231592225,16,7,10,10.145387411117554
irr_iqp_dense,4,tfim,42,-4.508946237514045,-4.7587704831436355,0.052497645455797916,16,5,9,9.927654266357422
irr_iqp_dense,4,tfim,43,-4.511613406979038,-4.7587704831436355,0.05193717096465772,16,5,9,9.828141212463379
irr_iqp_dense,4,tfim,44,-4.515836676768599,-4.7587704831436355,0.05104970017687324,16,5,9,9.777798175811768
irr_iqp_dense,4,tfim,45,-4.502170493766279,-4.7587704831436355,0.05392148881444835,16,5,9,9.975404500961304
irr_iqp_dense,4,tfim,46,-4.506545383876769,-4.7587704831436355,0.05300215678824825,16,5,9,10.26062560081482
irr_sandwich_star,4,tfim,42,-4.553040427855321,-4.7587704831436355,0.04323176669626004,16,5,10,10.171867609024048
irr_sandwich_star,4,tfim,43,-4.54876049524794,-4.7587704831436355,0.044131144512975784,16,5,10,9.932979106903076
irr_sandwich_star,4,tfim,44,-4.536420067204032,-4.7587704831436355,0.046724341240496,16,5,10,10.084579706192017
irr_sandwich_star,4,tfim,45,-4.541416206717779,-4.7587704831436355,0.04567446091291061,16,5,10,10.222779750823975
irr_sandwich_star,4,tfim,46,-4.556408153542842,-4.7587704831436355,0.04252407850254495,16,5,10,10.260190725326538
cx_chain,4,tfim,42,-4.465264076922935,-4.7587704831436355,0.06167694097884095,16,5,5,9.695199251174927
cx_chain,4,tfim,43,-4.463692260857146,-4.7587704831436355,0.06200723975482879,16,5,5,9.43875527381897
cx_chain,4,tfim,44,-4.463724680850903,-4.7587704831436355,0.062000427072041925,16,5,5,9.818764448165894
cx_chain,4,tfim,45,-4.467138208698282,-4.7587704831436355,0.061283114089734726,16,5,5,9.748779535293579
cx_chain,4,tfim,46,-4.463636067748641,-4.7587704831436355,0.06201904807983712,16,5,5,9.035061836242676
hea,4,tfim,42,-4.431004581362009,-4.7587704831436355,0.06887617357101555,16,5,5,9.270876169204712
hea,4,tfim,43,-4.430997294960553,-4.7587704831436355,0.0688777047231233,16,5,5,9.314311265945435
hea,4,tfim,44,-4.4310053927401425,-4.7587704831436355,0.06887600306938357,16,5,5,9.153743505477905
hea,4,tfim,45,-4.431005441070949,-4.7587704831436355,0.06887599291322936,16,5,5,9.41176176071167
hea,4,tfim,46,-4.431004398565374,-4.7587704831436355,0.06887621198359194,16,5,5,9.18786072731018
irr_pair11,4,xxz,42,-4.21249214643015,-5.42434399202025,0.22340984409780335,16,5,6,9.67891263961792
irr_pair11,4,xxz,43,-4.215090429930672,-5.42434399202025,0.22293083990774004,16,5,6,9.211117029190063
irr_pair11,4,xxz,44,-4.215551883540649,-5.42434399202025,0.22284576904743775,16,5,6,9.525097131729126
irr_pair11,4,xxz,45,-4.215380253237159,-5.42434399202025,0.22287740979583842,16,5,6,9.69075083732605
irr_pair11,4,xxz,46,-4.213674672145965,-5.42434399202025,0.2231918406456708,16,5,6,9.388156175613403
irr_triangle_t,4,xxz,42,-5.093249761592926,-5.42434399202025,0.06103857552441311,16,4,7,9.491331100463867
irr_triangle_t,4,xxz,43,-5.127967622475475,-5.42434399202025,0.05463819587783791,16,4,7,9.62117052078247
irr_triangle_t,4,xxz,44,-5.1444871691364,-5.42434399202025,0.051592749887460626,16,4,7,9.722926139831543
irr_triangle_t,4,xxz,45,-5.162167125251253,-5.42434399202025,0.048333377668283106,16,4,7,9.79824161529541
irr_triangle_t,4,xxz,46,-5.122711615645938,-5.42434399202025,0.055607162233450524,16,4,7,9.625252962112427
irr_double_star,4,xxz,42,-4.343741317358738,-5.42434399202025,0.19921352264000702,16,4,6,9.770262479782104
irr_double_star,4,xxz,43,-4.347488371569374,-5.42434399202025,0.19852273787116714,16,4,6,9.540266513824463
irr_double_star,4,xxz,44,-4.350724596681269,-5.42434399202025,0.19792612653592434,16,4,6,10.145164012908936
irr_double_star,4,xxz,45,-4.353156831278698,-5.42434399202025,0.19747773414027125,16,4,6,9.791394233703613
irr_double_star,4,xxz,46,-4.312340169152749,-5.42434399202025,0.20500245273960668,16,4,6,9.441861629486084
irr_gadget_ladder,4,xxz,42,-4.216209063568784,-5.42434399202025,0.22272461522144482,16,7,10,10.295748472213745
irr_gadget_ladder,4,xxz,43,-4.214560378479007,-5.42434399202025,0.22302855706071656,16,7,10,10.655485391616821
irr_gadget_ladder,4,xxz,44,-4.202011792560347,-5.42434399202025,0.22534194019739082,16,7,10,10.234070062637329
irr_gadget_ladder,4,xxz,45,-4.2174769309636995,-5.42434399202025,0.22249087868173043,16,7,10,10.008998394012451
irr_gadget_ladder,4,xxz,46,-4.215691208616474,-5.42434399202025,0.22282008389988261,16,7,10,9.989689111709595
irr_iqp_dense,4,xxz,42,-4.148125026376755,-5.42434399202025,0.23527618593528363,16,5,9,10.094159603118896
irr_iqp_dense,4,xxz,43,-4.146531289048203,-5.42434399202025,0.23556999793004227,16,5,9,10.191415548324585
irr_iqp_dense,4,xxz,44,-4.139929962334524,-5.42434399202025,0.2367869795085318,16,5,9,10.12875747680664
irr_iqp_dense,4,xxz,45,-4.149919020420137,-5.42434399202025,0.2349454557961145,16,5,9,10.027984380722046
irr_iqp_dense,4,xxz,46,-4.148028269565943,-5.42434399202025,0.23529402344908337,16,5,9,10.080925941467285
irr_sandwich_star,4,xxz,42,-4.511318705295661,-5.42434399202025,0.1683199457976375,16,5,10,10.173191547393799
irr_sandwich_star,4,xxz,43,-4.51088674744496,-5.42434399202025,0.1683995789940823,16,5,10,10.426264524459839
irr_sandwich_star,4,xxz,44,-4.507912001142921,-5.42434399202025,0.16894798564130378,16,5,10,10.373685598373413
irr_sandwich_star,4,xxz,45,-4.510521943111502,-5.42434399202025,0.16846683216497182,16,5,10,10.448283433914185
irr_sandwich_star,4,xxz,46,-4.506274358312984,-5.42434399202025,0.16924989179481206,16,5,10,10.100616931915283
cx_chain,4,xxz,42,-3.916560545909889,-5.42434399202025,0.27796604498690736,16,5,5,9.517797470092773
cx_chain,4,xxz,43,-3.9119535606255775,-5.42434399202025,0.2788153615662188,16,5,5,9.375725030899048
cx_chain,4,xxz,44,-3.9248765291590555,-5.42434399202025,0.2764329594633122,16,5,5,9.34842848777771
cx_chain,4,xxz,45,-3.9153330972333222,-5.42434399202025,0.27819233017058526,16,5,5,9.75216269493103
cx_chain,4,xxz,46,-3.8378223632430193,-5.42434399202025,0.2924817509935141,16,5,5,9.348782062530518
hea,4,xxz,42,-3.4999999985110475,-5.42434399202025,0.3547606855944432,16,5,5,7.489394664764404
hea,4,xxz,43,-3.4999999982896206,-5.42434399202025,0.35476068563526414,16,5,5,7.808520317077637
hea,4,xxz,44,-3.4999999944816915,-5.42434399202025,0.3547606863372714,16,5,5,7.639078855514526
hea,4,xxz,45,-3.499999998413154,-5.42434399202025,0.3547606856124903,16,5,5,7.0930609703063965
hea,4,xxz,46,-3.4999999979543084,-5.42434399202025,0.3547606856970803,16,5,5,7.609017848968506
irr_pair11,4,xy,42,-3.724483261286923,-4.47213595499958,0.16718022467023297,16,5,6,9.643225193023682
irr_pair11,4,xy,43,-3.7235583847951004,-4.47213595499958,0.16738703334088367,16,5,6,9.766900300979614
irr_pair11,4,xy,44,-3.722295315015499,-4.47213595499958,0.16766946432963512,16,5,6,9.698374032974243
irr_pair11,4,xy,45,-3.720775985647059,-4.47213595499958,0.1680091967044395,16,5,6,9.647648572921753
irr_pair11,4,xy,46,-3.7213004494580955,-4.47213595499958,0.16789192303111786,16,5,6,10.005961179733276
irr_triangle_t,4,xy,42,-4.234182120119809,-4.47213595499958,0.05320809502979278,16,4,7,9.580348491668701
irr_triangle_t,4,xy,43,-4.22613472851333,-4.47213595499958,0.055007546497157646,16,4,7,9.509137153625488
irr_triangle_t,4,xy,44,-4.23490566795221,-4.47213595499958,0.05304630481597055,16,4,7,9.78603196144104
irr_triangle_t,4,xy,45,-4.235076206787746,-4.47213595499958,0.05300817117306434,16,4,7,9.693706750869751
irr_triangle_t,4,xy,46,-4.233994918594002,-4.47213595499958,0.05324995456351242,16,4,7,9.742594480514526
irr_double_star,4,xy,42,-3.7374555166955736,-4.47213595499958,0.16427954017870977,16,4,6,10.0120530128479
irr_double_star,4,xy,43,-3.7427120355455883,-4.47213595499958,0.16310414683134558,16,4,6,9.330097913742065
irr_double_star,4,xy,44,-3.7439786722356603,-4.47213595499958,0.16282091825716594,16,4,6,9.494331121444702
irr_double_star,4,xy,45,-3.7415126994120906,-4.47213595499958,0.16337232654358283,16,4,6,9.538702011108398
irr_double_star,4,xy,46,-3.737512925657452,-4.47213595499958,0.16426670314458194,16,4,6,9.361485481262207
irr_gadget_ladder,4,xy,42,-3.724397011934115,-4.47213595499958,0.16719951061182234,16,7,10,10.098362684249878
irr_gadget_ladder,4,xy,43,-3.7013472389745274,-4.47213595499958,0.1723535965321798,16,7,10,9.866418361663818
irr_gadget_ladder,4,xy,44,-3.731156796273018,-4.47213595499958,0.1656879768823198,16,7,10,10.111194849014282
irr_gadget_ladder,4,xy,45,-3.7302453933040267,-4.47213595499958,0.16589177278167577,16,7,10,9.97237777709961
irr_gadget_ladder,4,xy,46,-3.7248115051392388,-4.47213595499958,0.16710682711353553,16,7,10,9.955562353134155
irr_iqp_dense,4,xy,42,-3.666999921606623,-4.47213595499958,0.18003389018011912,16,5,9,9.938604593276978
irr_iqp_dense,4,xy,43,-3.6649558340965305,-4.47213595499958,0.18049096204257167,16,5,9,10.44107460975647
irr_iqp_dense,4,xy,44,-3.663915841887235,-4.47213595499958,0.1807235113701772,16,5,9,10.005345106124878
irr_iqp_dense,4,xy,45,-3.6666626889709084,-4.47213595499958,0.18010929768988806,16,5,9,10.229518413543701
irr_iqp_dense,4,xy,46,-3.6663403932049965,-4.47213595499958,0.18018136521403202,16,5,9,9.968451261520386
irr_sandwich_star,4,xy,42,-3.8672859440465293,-4.47213595499958,0.13524857406825128,16,5,10,10.07862377166748
irr_sandwich_star,4,xy,43,-3.8652428814026814,-4.47213595499958,0.13570541676364473,16,5,10,10.368748664855957
irr_sandwich_star,4,xy,44,-3.8517382715437907,-4.47213595499958,0.13872513932905406,16,5,10,10.68333101272583
irr_sandwich_star,4,xy,45,-3.8593686503173195,-4.47213595499958,0.1370189347658859,16,5,10,10.274616003036499
irr_sandwich_star,4,xy,46,-3.868115442118101,-4.47213595499958,0.1350630926607273,16,5,10,10.255147695541382
cx_chain,4,xy,42,-3.449164338019685,-4.47213595499958,0.2287434074619923,16,5,5,9.429910898208618
cx_chain,4,xy,43,-3.512813818056372,-4.47213595499958,0.21451095105253745,16,5,5,9.472024202346802
cx_chain,4,xy,44,-3.5201624747736826,-4.47213595499958,0.21286774145621576,16,5,5,9.455363273620605
cx_chain,4,xy,45,-3.4332608526371677,-4.47213595499958,0.2322995349014405,16,5,5,9.29895305633545
cx_chain,4,xy,46,-3.520180079117413,-4.47213595499958,0.2128638050052877,16,5,5,9.631022930145264
hea,4,xy,42,-3.23606797614042,-4.47213595499958,0.2763932025539854,16,5,5,7.649517297744751
hea,4,xy,43,-3.23606797362025,-4.47213595499958,0.27639320311751253,16,5,5,6.828310251235962
hea,4,xy,44,-3.2360679745510197,-4.47213595499958,0.27639320290938607,16,5,5,7.500735521316528
hea,4,xy,45,-3.2360679743890635,-4.47213595499958,0.2763932029456006,16,5,5,6.9231696128845215
hea,4,xy,46,-3.236067974752424,-4.47213595499958,0.2763932028643507,16,5,5,7.4160966873168945
irr_pair11,5,heisenberg,42,-6.826870195938933,-7.711545013271975,0.11472082647646739,20,6,7,10.636208295822144
irr_pair11,5,heisenberg,43,-6.824346631912224,-7.711545013271975,0.1150480714088857,20,6,7,10.50990080833435
irr_pair11,5,heisenberg,44,-6.792257194204387,-7.711545013271975,0.1192092917159201,20,6,7,10.61466121673584
irr_pair11,5,heisenberg,45,-6.832722154880511,-7.711545013271975,0.11396196960258466,20,6,7,10.854571104049683
irr_pair11,5,heisenberg,46,-6.8158791451057175,-7.711545013271975,0.11614609869031033,20,6,7,10.539082527160645
irr_triangle_t,5,heisenberg,42,-6.95352843205691,-7.711545013271975,0.09829633100895846,20,6,10,10.98543643951416
irr_triangle_t,5,heisenberg,43,-6.9623535200343785,-7.711545013271975,0.0971519315452608,20,6,10,11.165969133377075
irr_triangle_t,5,heisenberg,44,-6.962469735937837,-7.711545013271975,0.09713686116659365,20,6,10,10.83019232749939
irr_triangle_t,5,heisenberg,45,-6.9622907922676145,-7.711545013271975,0.09716006581234425,20,6,10,11.220916032791138
irr_triangle_t,5,heisenberg,46,-6.96116800572342,-7.711545013271975,0.09730566394375144,20,6,10,11.052960395812988
irr_double_star,5,heisenberg,42,-5.798653761833601,-7.711545013271975,0.24805551263024295,20,5,7,10.792489767074585
irr_double_star,5,heisenberg,43,-5.7857158135528675,-7.711545013271975,0.24973325013400738,20,5,7,10.55512547492981
irr_double_star,5,heisenberg,44,-5.801774076159223,-7.711545013271975,0.24765088368490823,20,5,7,11.109906196594238
irr_double_star,5,heisenberg,45,-5.799582243835196,-7.711545013271975,0.24793511107646918,20,5,7,10.316874980926514
irr_double_star,5,heisenberg,46,-5.801947023165448,-7.711545013271975,0.24762845666076094,20,5,7,10.784456014633179
irr_gadget_ladder,5,heisenberg,42,-6.631860649288286,-7.711545013271975,0.14000882600380277,20,10,14,11.463215351104736
irr_gadget_ladder,5,heisenberg,43,-6.627890064906409,-7.711545013271975,0.14052371431412752,20,10,14,11.720731019973755
irr_gadget_ladder,5,heisenberg,44,-6.6287438553357125,-7.711545013271975,0.14041299844229715,20,10,14,11.538348197937012
irr_gadget_ladder,5,heisenberg,45,-6.6254189253333475,-7.711545013271975,0.14084416106880618,20,10,14,11.554869890213013
irr_gadget_ladder,5,heisenberg,46,-6.616282889864404,-7.711545013271975,0.14202888286621768,20,10,14,11.445592403411865
irr_iqp_dense,5,heisenberg,42,-5.638014379108581,-7.711545013271975,0.2688865370810568,20,7,12,11.120802640914917
irr_iqp_dense,5,heisenberg,43,-5.635728018385732,-7.711545013271975,0.26918302250893333,20,7,12,11.494540452957153
irr_iqp_dense,5,heisenberg,44,-5.635261314625847,-7.711545013271975,0.2692435426458296,20,7,12,11.375984907150269
irr_iqp_dense,5,heisenberg,45,-5.6350514916090955,-7.711545013271975,0.26927075159246616,20,7,12,11.183708190917969
irr_iqp_dense,5,heisenberg,46,-5.636968950749834,-7.711545013271975,0.26902210373559204,20,7,12,11.473938465118408
irr_sandwich_star,5,heisenberg,42,-6.788343883174895,-7.711545013271975,0.11971675306416571,20,7,13,11.967669010162354
irr_sandwich_star,5,heisenberg,43,-6.813731074188473,-7.711545013271975,0.11642465129080058,20,7,13,11.468995809555054
irr_sandwich_star,5,heisenberg,44,-6.963038484755289,-7.711545013271975,0.0970631082653951,20,7,13,11.448283910751343
irr_sandwich_star,5,heisenberg,45,-6.7700026941532805,-7.711545013271975,0.12209515959489964,20,7,13,11.528535604476929
irr_sandwich_star,5,heisenberg,46,-6.706077901447638,-7.711545013271975,0.13038465185561066,20,7,13,12.110222578048706
cx_chain,5,heisenberg,42,-5.641023698553659,-7.711545013271975,0.2684963014745864,20,6,6,10.683162689208984
cx_chain,5,heisenberg,43,-5.648098028577565,-7.711545013271975,0.26757893277457484,20,6,6,10.378684282302856
cx_chain,5,heisenberg,44,-5.655291366749634,-7.711545013271975,0.26664613160960865,20,6,6,10.618309259414673
cx_chain,5,heisenberg,45,-5.626224659483546,-7.711545013271975,0.2704153772297877,20,6,6,10.464545726776123
cx_chain,5,heisenberg,46,-5.6261431588648945,-7.711545013271975,0.27042594587958624,20,6,6,10.303738594055176
hea,5,heisenberg,42,-6.295035422257683,-7.711545013271975,0.18368687319809504,20,6,6,10.627079010009766
hea,5,heisenberg,43,-6.295014322372857,-7.711545013271975,0.18368960934043613,20,6,6,10.571561098098755
hea,5,heisenberg,44,-6.295029728431734,-7.711545013271975,0.1836876115489624,20,6,6,10.628400325775146
hea,5,heisenberg,45,-6.294972274976535,-7.711545013271975,0.18369506186600001,20,6,6,10.492682456970215
hea,5,heisenberg,46,-6.295034704227629,-7.711545013271975,0.18368696630914513,20,6,6,10.468141555786133
irr_pair11,5,tfim,42,-5.792141676690025,-6.026674183332271,0.038915743494294615,20,6,7,10.576616287231445
irr_pair11,5,tfim,43,-5.787951385820869,-6.026674183332271,0.03961103425362331,20,6,7,10.42783498764038
irr_pair11,5,tfim,44,-5.784856441583884,-6.026674183332271,0.04012457524536051,20,6,7,10.752200841903687
irr_pair11,5,tfim,45,-5.78191636707822,-6.026674183332271,0.04061241885797771,20,6,7,10.512226104736328
irr_pair11,5,tfim,46,-5.797569120951045,-6.026674183332271,0.03801517311402908,20,6,7,10.387054443359375
irr_triangle_t,5,tfim,42,-5.807706340040715,-6.026674183332271,0.03633311452229263,20,6,10,11.079777002334595
irr_triangle_t,5,tfim,43,-5.794405074906752,-6.026674183332271,0.03854018009931516,20,6,10,11.650030851364136
irr_triangle_t,5,tfim,44,-5.802041205834483,-6.026674183332271,0.03727312455666619,20,6,10,11.877939462661743
irr_triangle_t,5,tfim,45,-5.808003661691917,-6.026674183332271,0.03628378023904504,20,6,10,11.264086961746216
irr_triangle_t,5,tfim,46,-5.804887610464949,-6.026674183332271,0.036800823492451014,20,6,10,10.749508619308472
irr_double_star,5,tfim,42,-5.725417230262675,-6.026674183332271,0.04998726393783992,20,5,7,10.836102485656738
irr_double_star,5,tfim,43,-5.714503398292846,-6.026674183332271,0.05179818512551794,20,5,7,10.648500442504883
irr_double_star,5,tfim,44,-5.722869808914377,-6.026674183332271,0.05040995500604859,20,5,7,10.835968971252441
irr_double_star,5,tfim,45,-5.726184300436519,-6.026674183332271,0.04985998475358176,20,5,7,10.791865110397339
irr_double_star,5,tfim,46,-5.7153766666810775,-6.026674183332271,0.05165328457810719,20,5,7,10.756651639938354
irr_gadget_ladder,5,tfim,42,-5.781114630954283,-6.026674183332271,0.040745450128550506,20,10,14,11.736485004425049
irr_gadget_ladder,5,tfim,43,-5.745003579321723,-6.026674183332271,0.04673732069165998,20,10,14,11.828765630722046
irr_gadget_ladder,5,tfim,44,-5.7728225052375155,-6.026674183332271,0.042121354228311,20,10,14,11.856697082519531
irr_gadget_ladder,5,tfim,45,-5.759771502894658,-6.026674183332271,0.04428689395152219,20,10,14,11.710995197296143
irr_gadget_ladder,5,tfim,46,-5.766634629373087,-6.026674183332271,0.04314810226150355,20,10,14,11.457435846328735
irr_iqp_dense,5,tfim,42,-5.7500148083549245,-6.026674183332271,0.04590581248651074,20,7,12,11.412109136581421
irr_iqp_dense,5,tfim,43,-5.747358293860079,-6.026674183332271,0.04634660527106061,20,7,12,11.069153308868408
irr_iqp_dense,5,tfim,44,-5.748936586483185,-6.026674183332271,0.046084720759787125,20,7,12,11.420005321502686
irr_iqp_dense,5,tfim,45,-5.751674980836286,-6.026674183332271,0.04563034173251622,20,7,12,11.531321287155151
irr_iqp_dense,5,tfim,46,-5.75010426977015,-6.026674183332271,0.04589096824364914,20,7,12,11.297602653503418
irr_sandwich_star,5,tfim,42,-5.789446476634151,-6.026674183332271,0.03936295533516834,20,7,13,11.656023979187012
irr_sandwich_star,5,tfim,43,-5.779577846750629,-6.026674183332271,0.04100044718943426,20,7,13,11.485788345336914
irr_sandwich_star,5,tfim,44,-5.791528056936494,-6.026674183332271,0.039017560804284215,20,7,13,11.590821504592896
irr_sandwich_star,5,tfim,45,-5.786667211750787,-6.026674183332271,0.03982411596851568,20,7,13,11.641139268875122
irr_sandwich_star,5,tfim,46,-5.773863533531507,-6.026674183332271,0.04194861744806975,20,7,13,11.66146206855774
cx_chain,5,tfim,42,-5.7409192606209345,-6.026674183332271,0.04741502759542524,20,6,6,10.545323610305786
cx_chain,5,tfim,43,-5.747375221939941,-6.026674183332271,0.0463437964117549,20,6,6,10.586159706115723
cx_chain,5,tfim,44,-5.74766954428375,-6.026674183332271,0.04629495980057344,20,6,6,10.669998407363892
cx_chain,5,tfim,45,-5.7478702635763534,-6.026674183332271,0.046261654649755964,20,6,6,10.756196975708008
cx_chain,5,tfim,46,-5.742814719982784,-6.026674183332271,0.047100515925441254,20,6,6,10.501126289367676
hea,5,tfim,42,-5.7301108162909,-6.026674183332271,0.04920846191777958,20,6,6,10.818084001541138
hea,5,tfim,43,-5.729943929747587,-6.026674183332271,0.049236153234455404,20,6,6,10.549092292785645
hea,5,tfim,44,-5.730107937064851,-6.026674183332271,0.04920893966486879,20,6,6,10.688568115234375
hea,5,tfim,45,-5.729956407155613,-6.026674183332271,0.04923408287066165,20,6,6,10.605433702468872
hea,5,tfim,46,-5.730091176590429,-6.026674183332271,0.04921172071357191,20,6,6,10.573941946029663
irr_pair11,5,xxz,42,-5.904467111830257,-6.505491477845947,0.09238723439457898,20,6,7,10.652281761169434
irr_pair11,5,xxz,43,-5.863452982711302,-6.505491477845947,0.09869177406827255,20,6,7,10.736968755722046
irr_pair11,5,xxz,44,-5.833353596367932,-6.505491477845947,0.10331854000069628,20,6,7,10.514148473739624
irr_pair11,5,xxz,45,-5.840191313616421,-6.505491477845947,0.1022674714885363,20,6,7,10.462215662002563
irr_pair11,5,xxz,46,-5.909169258578217,-6.505491477845947,0.0916644378520007,20,6,7,10.849008798599243
irr_triangle_t,5,xxz,42,-5.997807351444019,-6.505491477845947,0.07803931926293586,20,6,10,11.062679767608643
irr_triangle_t,5,xxz,43,-5.955199148507752,-6.505491477845947,0.08458889404623487,20,6,10,11.517611742019653
irr_triangle_t,5,xxz,44,-5.974682496151022,-6.505491477845947,0.08159398617346013,20,6,10,11.011751651763916
irr_triangle_t,5,xxz,45,-6.007608682696341,-6.505491477845947,0.07653269500776624,20,6,10,10.678030967712402
irr_triangle_t,5,xxz,46,-5.9268321827098,-6.505491477845947,0.08894935872358536,20,6,10,10.823310375213623
irr_double_star,5,xxz,42,-5.1628152043870195,-6.505491477845947,0.20639121241359387,20,5,7,10.484814882278442
irr_double_star,5,xxz,43,-5.166093718476717,-6.505491477845947,0.20588725139837116,20,5,7,10.647355079650879
irr_double_star,5,xxz,44,-5.139958543522821,-6.505491477845947,0.20990465347212647,20,5,7,10.962558269500732
irr_double_star,5,xxz,45,-5.153138420800637,-6.505491477845947,0.2078786916639066,20,5,7,11.030967950820923
irr_double_star,5,xxz,46,-5.098507523290798,-6.505491477845947,0.21627635042587431,20,5,7,10.268102407455444
irr_gadget_ladder,5,xxz,42,-5.6318405384736705,-6.505491477845947,0.13429437919447612,20,10,14,11.378941535949707
irr_gadget_ladder,5,xxz,43,-5.678600955898145,-6.505491477845947,0.12710654141408487,20,10,14,11.390470504760742
irr_gadget_ladder,5,xxz,44,-5.628392632724014,-6.505491477845947,0.13482437846684436,20,10,14,11.190806865692139
irr_gadget_ladder,5,xxz,45,-5.672511998322032,-6.505491477845947,0.1280425133689861,20,10,14,11.495067358016968
irr_gadget_ladder,5,xxz,46,-5.639537403187251,-6.505491477845947,0.1331112457233476,20,10,14,11.475673198699951
irr_iqp_dense,5,xxz,42,-5.122291246409567,-6.505491477845947,0.2126204047990507,20,7,12,11.461066484451294
irr_iqp_dense,5,xxz,43,-5.139662782323935,-6.505491477845947,0.20995011678568146,20,7,12,11.274798393249512
irr_iqp_dense,5,xxz,44,-5.142659516568568,-6.505491477845947,0.20948946992220652,20,7,12,11.470466375350952
irr_iqp_dense,5,xxz,45,-5.136860895317021,-6.505491477845947,0.21038081245509485,20,7,12,11.201915502548218
irr_iqp_dense,5,xxz,46,-5.14570360787255,-6.505491477845947,0.20902154350736935,20,7,12,11.201787233352661
irr_sandwich_star,5,xxz,42,-5.683594497847687,-6.505491477845947,0.12633895268284956,20,7,13,11.26830530166626
irr_sandwich_star,5,xxz,43,-5.682138245751915,-6.505491477845947,0.12656280234904788,20,7,13,11.648171663284302
irr_sandwich_star,5,xxz,44,-5.680239296350673,-6.505491477845947,0.12685470180164243,20,7,13,11.260496616363525
irr_sandwich_star,5,xxz,45,-5.687443115659583,-6.505491477845947,0.12574735743981486,20,7,13,12.192785024642944
irr_sandwich_star,5,xxz,46,-5.531509357358923,-6.505491477845947,0.14971691590156727,20,7,13,11.2985999584198
cx_chain,5,xxz,42,-5.124478517560504,-6.505491477845947,0.21228418559741388,20,6,6,10.329426527023315
cx_chain,5,xxz,43,-5.134974455168592,-6.505491477845947,0.21067078903178438,20,6,6,10.4949209690094
cx_chain,5,xxz,44,-5.024124718872514,-6.505491477845947,0.2277101989939018,20,6,6,10.581391096115112
cx_chain,5,xxz,45,-5.024677270935805,-6.505491477845947,0.22762526274194103,20,6,6,10.565933227539062
cx_chain,5,xxz,46,-5.128087106458741,-6.505491477845947,0.2117294867079408,20,6,6,10.315285682678223
hea,5,xxz,42,-5.426822931483413,-6.505491477845947,0.16580892466554972,20,6,6,10.196974277496338
hea,5,xxz,43,-5.426824858233534,-6.505491477845947,0.16580862849267364,20,6,6,10.375791549682617
hea,5,xxz,44,-5.42681348921749,-6.505491477845947,0.16581037609561539,20,6,6,10.695395708084106
hea,5,xxz,45,-5.426823946345019,-6.505491477845947,0.165808768664791,20,6,6,10.414427518844604
hea,5,xxz,46,-5.426817075532908,-6.505491477845947,0.16580982482052262,20,6,6,10.463802099227905
irr_pair11,5,xy,42,-5.044304772606203,-5.464101615137759,0.07682815439752244,20,6,7,10.87238097190857
irr_pair11,5,xy,43,-5.053700729832584,-5.464101615137759,0.07510857487865884,20,6,7,10.596935510635376
irr_pair11,5,xy,44,-4.998353358676356,-5.464101615137759,0.08523784681659156,20,6,7,10.803386688232422
irr_pair11,5,xy,45,-5.028266575209889,-5.464101615137759,0.07976334823650269,20,6,7,10.48144793510437
irr_pair11,5,xy,46,-5.052747005668392,-5.464101615137759,0.07528311851480746,20,6,7,10.694031715393066
irr_triangle_t,5,xy,42,-5.099615457910513,-5.464101615137759,0.06670559643647046,20,6,10,11.278115510940552
irr_triangle_t,5,xy,43,-5.0955032517676395,-5.464101615137759,0.06745818239341553,20,6,10,11.600581884384155
irr_triangle_t,5,xy,44,-5.099551971372531,-5.464101615137759,0.06671721527932038,20,6,10,11.210978984832764
irr_triangle_t,5,xy,45,-5.09368540097066,-5.464101615137759,0.06779087217940767,20,6,10,11.006558656692505
irr_triangle_t,5,xy,46,-5.096931587834995,-5.464101615137759,0.06719677875051877,20,6,10,10.970240592956543
irr_double_star,5,xy,42,-4.624313039590724,-5.464101615137759,0.1536919762290808,20,5,7,10.518094539642334
irr_double_star,5,xy,43,-4.622604623883772,-5.464101615137759,0.15400463800356523,20,5,7,10.488716840744019
irr_double_star,5,xy,44,-4.6249102641290225,-5.464101615137759,0.15358267655269053,20,5,7,10.45241641998291
irr_double_star,5,xy,45,-4.6095445007883225,-5.464101615137759,0.15639480641830847,20,5,7,10.322920322418213
irr_double_star,5,xy,46,-4.6251646916517375,-5.464101615137759,0.15353611308432272,20,5,7,10.572543621063232
irr_gadget_ladder,5,xy,42,-4.851939970399846,-5.464101615137759,0.1120333565982703,20,10,14,11.397972106933594
irr_gadget_ladder,5,xy,43,-4.853191914879321,-5.464101615137759,0.11180423485646254,20,10,14,11.752247095108032
irr_gadget_ladder,5,xy,44,-4.926350324877956,-5.464101615137759,0.09841531657647355,20,10,14,11.578723192214966
irr_gadget_ladder,5,xy,45,-4.950572578192283,-5.464101615137759,0.09398233655150083,20,10,14,11.212451457977295
irr_gadget_ladder,5,xy,46,-4.852490600131921,-5.464101615137759,0.11193258436326108,20,10,14,12.064844608306885
irr_iqp_dense,5,xy,42,-4.6501742212781885,-5.464101615137759,0.14895905149433242,20,7,12,11.160693407058716
irr_iqp_dense,5,xy,43,-4.662087755435773,-5.464101615137759,0.1467787234190676,20,7,12,11.655869960784912
irr_iqp_dense,5,xy,44,-4.655024243006501,-5.464101615137759,0.14807143591359795,20,7,12,11.232744693756104
irr_iqp_dense,5,xy,45,-4.66069986815366,-5.464101615137759,0.14703272442048895,20,7,12,11.411647081375122
irr_iqp_dense,5,xy,46,-4.642652161042648,-5.464101615137759,0.15033568406183476,20,7,12,11.127017974853516
irr_sandwich_star,5,xy,42,-4.74575074010765,-5.464101615137759,0.13146733454590012,20,7,13,11.614769697189331
irr_sandwich_star,5,xy,43,-4.780780017988749,-5.464101615137759,0.1250565317555468,20,7,13,11.4601469039917
irr_sandwich_star,5,xy,44,-4.799022703145217,-5.464101615137759,0.12171788865529261,20,7,13,11.243900537490845
irr_sandwich_star,5,xy,45,-4.805284942546683,-5.464101615137759,0.12057181930253436,20,7,13,11.092323303222656
irr_sandwich_star,5,xy,46,-4.804473757876613,-5.464101615137759,0.12072027640073743,20,7,13,11.129590272903442
cx_chain,5,xy,42,-4.6360659155421615,-5.464101615137759,0.1515410506462042,20,6,6,10.468726873397827
cx_chain,5,xy,43,-4.631279261184288,-5.464101615137759,0.15241706919326287,20,6,6,10.40699815750122
cx_chain,5,xy,44,-4.527693288947147,-5.464101615137759,0.17137461785051433,20,6,6,10.560916423797607
cx_chain,5,xy,45,-4.51115174440183,-5.464101615137759,0.17440193061122336,20,6,6,11.065311193466187
cx_chain,5,xy,46,-4.610251046255441,-5.464101615137759,0.15626549962336136,20,6,6,10.69896125793457
hea,5,xy,42,-4.68931205501467,-5.464101615137759,0.14179633079601042,20,6,6,10.581669092178345
hea,5,xy,43,-4.689312235612023,-5.464101615137759,0.1417962977444009,20,6,6,10.686511993408203
hea,5,xy,44,-4.689312122707407,-5.464101615137759,0.14179631840737977,20,6,6,10.226847887039185
hea,5,xy,45,-4.689312029077067,-5.464101615137759,0.14179633554292126,20,6,6,10.25329303741455
hea,5,xy,46,-4.689312340784163,-5.464101615137759,0.14179627849656348,20,6,6,10.17394733428955
irr_pair11,6,heisenberg,42,-7.591297123564844,-9.974308535551689,0.23891494868972776,24,7,9,12.453377723693848
irr_pair11,6,heisenberg,43,-7.592627318631186,-9.974308535551689,0.23878158655624243,24,7,9,12.273051261901855
irr_pair11,6,heisenberg,44,-7.596811756759694,-9.974308535551689,0.23836206493089934,24,7,9,12.562164068222046
irr_pair11,6,heisenberg,45,-7.5956184065261025,-9.974308535551689,0.23848170733311075,24,7,9,12.6455397605896
irr_pair11,6,heisenberg,46,-7.575059476964341,-9.974308535551689,0.2405428957842683,24,7,9,12.752630949020386
irr_triangle_t,6,heisenberg,42,-9.122931901160138,-9.974308535551689,0.08535695796425055,24,7,12,12.951778173446655
irr_triangle_t,6,heisenberg,43,-9.163951836150112,-9.974308535551689,0.08124439869823573,24,7,12,13.144920825958252
irr_triangle_t,6,heisenberg,44,-9.118238210860724,-9.974308535551689,0.08582753597802302,24,7,12,12.796993017196655
irr_triangle_t,6,heisenberg,45,-9.171038629867843,-9.974308535551689,0.08053389393567789,24,7,12,13.151468753814697
irr_triangle_t,6,heisenberg,46,-9.184032980526508,-9.974308535551689,0.07923111183180076,24,7,12,12.937318801879883
irr_double_star,6,heisenberg,42,-6.782227729961418,-9.974308535551689,0.3200302852285603,24,6,8,12.98225736618042
irr_double_star,6,heisenberg,43,-6.789790506105833,-9.974308535551689,0.3192720596214961,24,6,8,12.545221090316772
irr_double_star,6,heisenberg,44,-6.778917121989773,-9.974308535551689,0.3203621987601946,24,6,8,12.24529218673706
irr_double_star,6,heisenberg,45,-6.770735231695302,-9.974308535551689,0.3211824952514559,24,6,8,12.32353925704956
irr_double_star,6,heisenberg,46,-6.7785161003448495,-9.974308535551689,0.320402404218397,24,6,8,12.385542631149292
irr_gadget_ladder,6,heisenberg,42,-8.0153226343106,-9.974308535551689,0.19640317865229698,24,12,17,13.641214847564697
irr_gadget_ladder,6,heisenberg,43,-8.011069270526093,-9.974308535551689,0.196829610596862,24,12,17,13.655595541000366
irr_gadget_ladder,6,heisenberg,44,-8.018733197638483,-9.974308535551689,0.1960612438388985,24,12,17,13.74884033203125
irr_gadget_ladder,6,heisenberg,45,-8.045375474908287,-9.974308535551689,0.19339015369015863,24,12,17,13.893398761749268
irr_gadget_ladder,6,heisenberg,46,-7.978452019634549,-9.974308535551689,0.20009973711994736,24,12,17,13.784274578094482
irr_iqp_dense,6,heisenberg,42,-7.5191641883965925,-9.974308535551689,0.2461468219480239,24,9,15,13.078693389892578
irr_iqp_dense,6,heisenberg,43,-7.524416044236579,-9.974308535551689,0.24562028360992583,24,9,15,13.686034440994263
irr_iqp_dense,6,heisenberg,44,-7.499141194239948,-9.974308535551689,0.24815427881435959,24,9,15,13.159499883651733
irr_iqp_dense,6,heisenberg,45,-7.52586179391926,-9.974308535551689,0.245475336250665,24,9,15,13.519500732421875
irr_iqp_dense,6,heisenberg,46,-7.522901965492865,-9.974308535551689,0.24577208147524324,24,9,15,13.506584167480469
irr_sandwich_star,6,heisenberg,42,-8.21469794068193,-9.974308535551689,0.17641429364230443,24,9,16,13.74837851524353
irr_sandwich_star,6,heisenberg,43,-7.9902860634458115,-9.974308535551689,0.1989132845684665,24,9,16,13.730842590332031
irr_sandwich_star,6,heisenberg,44,-8.050984295099344,-9.974308535551689,0.1928278269713625,24,9,16,13.939051389694214
irr_sandwich_star,6,heisenberg,45,-7.983587751208937,-9.974308535551689,0.199584841119279,24,9,16,13.76626205444336
irr_sandwich_star,6,heisenberg,46,-7.9825415890541755,-9.974308535551689,0.19968972680143254,24,9,16,13.53998351097107
cx_chain,6,heisenberg,42,-7.485682115232404,-9.974308535551689,0.24950365345617784,24,7,7,12.29153561592102
cx_chain,6,heisenberg,43,-7.481981025553744,-9.974308535551689,0.24987471573738435,24,7,7,12.015005826950073
cx_chain,6,heisenberg,44,-7.494389290760871,-9.974308535551689,0.24863069314043942,24,7,7,12.373023986816406
cx_chain,6,heisenberg,45,-7.475243876881107,-9.974308535551689,0.25055016593512225,24,7,7,12.404486179351807
cx_chain,6,heisenberg,46,-7.500555790906927,-9.974308535551689,0.24801245478095052,24,7,7,12.035799264907837
hea,6,heisenberg,42,-7.499444425932211,-9.974308535551689,0.24812387753980691,24,7,7,12.30010199546814
hea,6,heisenberg,43,-7.499050165892699,-9.974308535551689,0.24816340509583815,24,7,7,12.542842864990234
hea,6,heisenberg,44,-7.498899592139953,-9.974308535551689,0.24817850125535731,24,7,7,12.323429822921753
hea,6,heisenberg,45,-7.498400780352791,-9.974308535551689,0.24822851091621595,24,7,7,12.269023180007935
hea,6,heisenberg,46,-7.501858709545186,-9.974308535551689,0.24788182731603756,24,7,7,12.461360454559326
irr_pair11,6,tfim,42,-7.015656509911592,-7.296229810558756,0.038454559126020416,24,7,9,12.656938076019287
irr_pair11,6,tfim,43,-7.016649012693534,-7.296229810558756,0.03831852958642092,24,7,9,12.943577289581299
irr_pair11,6,tfim,44,-7.010507849892923,-7.296229810558756,0.03916021946736799,24,7,9,12.703671216964722
irr_pair11,6,tfim,45,-7.010302789913687,-7.296229810558756,0.039188324390672255,24,7,9,13.606719970703125
irr_pair11,6,tfim,46,-6.995279871177157,-7.296229810558756,0.0412473218628721,24,7,9,12.92756962776184
irr_triangle_t,6,tfim,42,-7.062315160838877,-7.296229810558756,0.03205966037163043,24,7,12,13.392325162887573
irr_triangle_t,6,tfim,43,-7.052590810739742,-7.296229810558756,0.03339245146396448,24,7,12,13.509395599365234
irr_triangle_t,6,tfim,44,-7.068589472131347,-7.296229810558756,0.031199721546322383,24,7,12,13.340779781341553
irr_triangle_t,6,tfim,45,-7.087743736179133,-7.296229810558756,0.02857449392258889,24,7,12,13.2272047996521
irr_triangle_t,6,tfim,46,-7.076698025489171,-7.296229810558756,0.030088386847668822,24,7,12,13.253253698348999
irr_double_star,6,tfim,42,-6.954247238370943,-7.296229810558756,0.04687113496519976,24,6,8,12.687103509902954
irr_double_star,6,tfim,43,-6.9609745447143325,-7.296229810558756,0.045949109958030435,24,6,8,13.534886121749878
irr_double_star,6,tfim,44,-6.958948252866333,-7.296229810558756,0.04622682761504112,24,6,8,12.982077836990356
irr_double_star,6,tfim,45,-6.950783988897893,-7.296229810558756,0.0473457978476707,24,6,8,12.798557996749878
irr_double_star,6,tfim,46,-6.96457052526035,-7.296229810558756,0.04545625534141549,24,6,8,12.628559589385986
irr_gadget_ladder,6,tfim,42,-7.027536122253537,-7.296229810558756,0.03682637407012305,24,12,17,13.954935789108276
irr_gadget_ladder,6,tfim,43,-7.045761420026679,-7.296229810558756,0.03432846785741474,24,12,17,13.933753728866577
irr_gadget_ladder,6,tfim,44,-7.046473112967398,-7.296229810558756,0.034230925296503484,24,12,17,13.84756875038147
irr_gadget_ladder,6,tfim,45,-7.0350583709985415,-7.296229810558756,0.03579539657348239,24,12,17,14.126538515090942
irr_gadget_ladder,6,tfim,46,-7.044137833787211,-7.296229810558756,0.03455099185701772,24,12,17,14.222565174102783
irr_iqp_dense,6,tfim,42,-7.0244196722316286,-7.296229810558756,0.03725350563023346,24,9,15,14.09507966041565
irr_iqp_dense,6,tfim,43,-7.023377347227303,-7.296229810558756,0.037396363658473916,24,9,15,13.821458101272583
irr_iqp_dense,6,tfim,44,-7.019535976218543,-7.296229810558756,0.03792285077695819,24,9,15,14.155263662338257
irr_iqp_dense,6,tfim,45,-7.033790984658286,-7.296229810558756,0.03596910085270083,24,9,15,13.954499959945679
irr_iqp_dense,6,tfim,46,-7.023946544925439,-7.296229810558756,0.03731835108034597,24,9,15,14.154348611831665
irr_sandwich_star,6,tfim,42,-7.022346298677755,-7.296229810558756,0.03753767616867688,24,9,16,14.314353227615356
irr_sandwich_star,6,tfim,43,-7.036306282001395,-7.296229810558756,0.035624361527266064,24,9,16,14.439006805419922
irr_sandwich_star,6,tfim,44,-7.031813224777146,-7.296229810558756,0.03624016685973343,24,9,16,14.376936435699463
irr_sandwich_star,6,tfim,45,-7.041923375791321,-7.296229810558756,0.03485449901802914,24,9,16,14.028772115707397
irr_sandwich_star,6,tfim,46,-7.042859637191443,-7.296229810558756,0.03472617775836069,24,9,16,14.424665689468384
cx_chain,6,tfim,42,-7.007026399244521,-7.296229810558756,0.039637376949902846,24,7,7,12.858599185943604
cx_chain,6,tfim,43,-7.019171859614699,-7.296229810558756,0.037972755537813895,24,7,7,13.169808149337769
cx_chain,6,tfim,44,-7.007876651592852,-7.296229810558756,0.039520843840282184,24,7,7,12.827804803848267
cx_chain,6,tfim,45,-7.010625575563747,-7.296229810558756,0.03914408432992291,24,7,7,12.93776822090149
cx_chain,6,tfim,46,-7.007632555628208,-7.296229810558756,0.03955429892201364,24,7,7,13.003563165664673
hea,6,tfim,42,-7.005181497952496,-7.296229810558756,0.039890233745799725,24,7,7,13.09110164642334
hea,6,tfim,43,-7.012419953881997,-7.296229810558756,0.03889815206561112,24,7,7,12.989744901657104
hea,6,tfim,44,-7.011291217807586,-7.296229810558756,0.03905285334335559,24,7,7,12.888365268707275
hea,6,tfim,45,-7.004016915758797,-7.296229810558756,0.04004984798821482,24,7,7,12.554124355316162
hea,6,tfim,46,-7.014713564407292,-7.296229810558756,0.0385837964895332,24,7,7,12.712145566940308
irr_pair11,6,xxz,42,-6.743893926356593,-8.391550553031406,0.1963471013208167,24,7,9,13.073546409606934
irr_pair11,6,xxz,43,-6.7826745985833705,-8.391550553031406,0.19172570602781355,24,7,9,13.073088884353638
irr_pair11,6,xxz,44,-6.721375492059425,-8.391550553031406,0.19903056657016005,24,7,9,13.121813774108887
irr_pair11,6,xxz,45,-6.702588528775987,-8.391550553031406,0.20126936179217678,24,7,9,13.415042638778687
irr_pair11,6,xxz,46,-6.742450342868922,-8.391550553031406,0.19651912953879,24,7,9,13.004901885986328
irr_triangle_t,6,xxz,42,-7.650968920894718,-8.391550553031406,0.08825325277569317,24,7,12,13.01828908920288
irr_triangle_t,6,xxz,43,-7.65665602896304,-8.391550553031406,0.08757553439309129,24,7,12,13.229543924331665
irr_triangle_t,6,xxz,44,-7.661365177581595,-8.391550553031406,0.08701435698150391,24,7,12,13.371245861053467
irr_triangle_t,6,xxz,45,-7.701737431325352,-8.391550553031406,0.08220329691714275,24,7,12,13.301679372787476
irr_triangle_t,6,xxz,46,-7.672106829525592,-8.391550553031406,0.08573430130214957,24,7,12,13.266101837158203
irr_double_star,6,xxz,42,-6.007275844476771,-8.391550553031406,0.28412802776875695,24,6,8,12.753674268722534
irr_double_star,6,xxz,43,-6.096988296616065,-8.391550553031406,0.2734372202031771,24,6,8,13.12602424621582
irr_double_star,6,xxz,44,-6.110742240715265,-8.391550553031406,0.271798197234504,24,6,8,13.336558103561401
irr_double_star,6,xxz,45,-6.12344244197129,-8.391550553031406,0.2702847461534714,24,6,8,13.033842325210571
irr_double_star,6,xxz,46,-6.1594470467785465,-8.391550553031406,0.2659941678414275,24,6,8,12.977951765060425
irr_gadget_ladder,6,xxz,42,-7.002136256612836,-8.391550553031406,0.16557301152367496,24,12,17,13.975980997085571
irr_gadget_ladder,6,xxz,43,-6.953792704995394,-8.391550553031406,0.17133399113190464,24,12,17,14.30945110321045
irr_gadget_ladder,6,xxz,44,-7.0106964401124685,-8.391550553031406,0.16455291595903107,24,12,17,14.451957941055298
irr_gadget_ladder,6,xxz,45,-7.026249671092775,-8.391550553031406,0.16269947649250863,24,12,17,14.923986434936523
irr_gadget_ladder,6,xxz,46,-6.905099278097487,-8.391550553031406,0.17713666449842763,24,12,17,14.545895338058472
irr_iqp_dense,6,xxz,42,-6.649399711502551,-8.391550553031406,0.20760773953742218,24,9,15,13.865426778793335
irr_iqp_dense,6,xxz,43,-6.67344575638402,-8.391550553031406,0.20474223277207437,24,9,15,13.81342077255249
irr_iqp_dense,6,xxz,44,-6.681306973323736,-8.391550553031406,0.20380543129658601,24,9,15,13.82020878791809
irr_iqp_dense,6,xxz,45,-6.676537661323024,-8.391550553031406,0.20437377822729585,24,9,15,13.486207962036133
irr_iqp_dense,6,xxz,46,-6.664810863349335,-8.391550553031406,0.2057712312843417,24,9,15,13.742868900299072
irr_sandwich_star,6,xxz,42,-6.763949548711111,-8.391550553031406,0.19395712318414526,24,9,16,13.88423752784729
irr_sandwich_star,6,xxz,43,-6.898648085318378,-8.391550553031406,0.1779054369366487,24,9,16,13.982983350753784
irr_sandwich_star,6,xxz,44,-6.8429167853528075,-8.391550553031406,0.1845467959576508,24,9,16,14.067761898040771
irr_sandwich_star,6,xxz,45,-6.65899724785396,-8.391550553031406,0.20646402523924137,24,9,16,13.90052056312561
irr_sandwich_star,6,xxz,46,-6.828806408263171,-8.391550553031406,0.1862282941504418,24,9,16,15.183166027069092
cx_chain,6,xxz,42,-6.522864222439358,-8.391550553031406,0.22268665591450135,24,7,7,13.307814836502075
cx_chain,6,xxz,43,-6.528504466954657,-8.391550553031406,0.22201452214379294,24,7,7,12.283789157867432
cx_chain,6,xxz,44,-6.506557748112845,-8.391550553031406,0.22462985749845912,24,7,7,12.500407934188843
cx_chain,6,xxz,45,-6.517014128077432,-8.391550553031406,0.22338379696429372,24,7,7,12.597647190093994
cx_chain,6,xxz,46,-6.552713843573956,-8.391550553031406,0.21912955154553398,24,7,7,12.443724632263184
hea,6,xxz,42,-6.6546267330497475,-8.391550553031406,0.20698484850981486,24,7,7,12.67534852027893
hea,6,xxz,43,-6.5696910463973985,-8.391550553031406,0.21710642093145346,24,7,7,13.081201791763306
hea,6,xxz,44,-6.651558816050388,-8.391550553031406,0.20735044447208328,24,7,7,12.605972290039062
hea,6,xxz,45,-6.651909125795447,-8.391550553031406,0.20730869893973558,24,7,7,12.504069328308105
hea,6,xxz,46,-6.602742820842822,-8.391550553031406,0.21316772399617923,24,7,7,12.864205360412598
irr_pair11,6,xy,42,-5.970480227440088,-6.987918414869867,0.14559960878546205,24,7,9,12.88489031791687
irr_pair11,6,xy,43,-5.874027919153568,-6.987918414869867,0.15940233265259754,24,7,9,12.813936471939087
irr_pair11,6,xy,44,-5.963135066901382,-6.987918414869867,0.14665073160954606,24,7,9,12.958498477935791
irr_pair11,6,xy,45,-5.958370600482505,-6.987918414869867,0.1473325464413761,24,7,9,12.773427486419678
irr_pair11,6,xy,46,-5.985099316661792,-6.987918414869867,0.1435075567101838,24,7,9,13.11648678779602
irr_triangle_t,6,xy,42,-6.33460798689207,-6.987918414869867,0.0934914217927318,24,7,12,13.099560737609863
irr_triangle_t,6,xy,43,-6.315590245256423,-6.987918414869867,0.09621293920415126,24,7,12,13.192444801330566
irr_triangle_t,6,xy,44,-6.264042553786196,-6.987918414869867,0.10358962685415826,24,7,12,13.109521627426147
irr_triangle_t,6,xy,45,-6.315066123361463,-6.987918414869867,0.09628794321304825,24,7,12,13.261168718338013
irr_triangle_t,6,xy,46,-6.247818226272999,-6.987918414869867,0.1059113951619669,24,7,12,13.059476375579834
irr_double_star,6,xy,42,-5.639002813096321,-6.987918414869867,0.1930353964784614,24,6,8,13.117369413375854
irr_double_star,6,xy,43,-5.493587333939342,-6.987918414869867,0.21384495241825938,24,6,8,12.774597406387329
irr_double_star,6,xy,44,-5.57090744378004,-6.987918414869867,0.20278012520502717,24,6,8,13.216781616210938
irr_double_star,6,xy,45,-5.557132345741502,-6.987918414869867,0.2047513986545319,24,6,8,12.901356935501099
irr_double_star,6,xy,46,-5.564830601393568,-6.987918414869867,0.20364974646069905,24,6,8,12.879151344299316
irr_gadget_ladder,6,xy,42,-6.077035198729677,-6.987918414869867,0.13035115209729495,24,12,17,14.117305755615234
irr_gadget_ladder,6,xy,43,-6.1872985106988345,-6.987918414869867,0.11457201653461807,24,12,17,13.876629829406738
irr_gadget_ladder,6,xy,44,-6.161684705703704,-6.987918414869867,0.11823745786842446,24,12,17,13.969717502593994
irr_gadget_ladder,6,xy,45,-6.076285643002946,-6.987918414869867,0.13045841661903512,24,12,17,13.968650341033936
irr_gadget_ladder,6,xy,46,-6.13741353354509,-6.987918414869867,0.12171076289542158,24,12,17,13.947685241699219
irr_iqp_dense,6,xy,42,-5.920255383447467,-6.987918414869867,0.15278699149527533,24,9,15,13.658107042312622
irr_iqp_dense,6,xy,43,-5.925609216612408,-6.987918414869867,0.15202083584675655,24,9,15,13.686594009399414
irr_iqp_dense,6,xy,44,-5.928579869943959,-6.987918414869867,0.15159572307995184,24,9,15,13.640565872192383
irr_iqp_dense,6,xy,45,-5.905730493198751,-6.987918414869867,0.15486556330827866,24,9,15,14.349854469299316
irr_iqp_dense,6,xy,46,-5.913872065691224,-6.987918414869867,0.15370047064275075,24,9,15,13.611371994018555
irr_sandwich_star,6,xy,42,-5.915689766490223,-6.987918414869867,0.15344035014747834,24,9,16,13.897759675979614
irr_sandwich_star,6,xy,43,-5.910678601118315,-6.987918414869867,0.1541574686188738,24,9,16,13.540596723556519
irr_sandwich_star,6,xy,44,-5.715825769817334,-6.987918414869867,0.18204171393094642,24,9,16,13.658910274505615
irr_sandwich_star,6,xy,45,-5.917323811173986,-6.987918414869867,0.153206511601183,24,9,16,13.544562578201294
irr_sandwich_star,6,xy,46,-5.919231346703503,-6.987918414869867,0.15293353538476673,24,9,16,13.673052549362183
cx_chain,6,xy,42,-5.735007210690021,-6.987918414869867,0.1792967704822836,24,7,7,13.49030065536499
cx_chain,6,xy,43,-5.688865835372977,-6.987918414869867,0.18589979195128908,24,7,7,12.698156118392944
cx_chain,6,xy,44,-5.680010247572255,-6.987918414869867,0.18716706315781567,24,7,7,12.673129081726074
cx_chain,6,xy,45,-5.74559392012695,-6.987918414869867,0.17778176861643455,24,7,7,12.74511981010437
cx_chain,6,xy,46,-5.762353030408465,-6.987918414869867,0.17538347068469962,24,7,7,12.394179344177246
hea,6,xy,42,-5.898254728717063,-6.987918414869867,0.1559353760962729,24,7,7,12.203463554382324
hea,6,xy,43,-5.801433916186445,-6.987918414869867,0.16979083444343807,24,7,7,12.449300765991211
hea,6,xy,44,-5.891652584121676,-6.987918414869867,0.1568801702686459,24,7,7,12.417140483856201
hea,6,xy,45,-5.898012396157961,-6.987918414869867,0.15597005488682464,24,7,7,12.248435974121094
hea,6,xy,46,-5.895833959826238,-6.987918414869867,0.156281798127428,24,7,7,12.31510066986084
